{"cameraMode":{"drawMode":0,"name":"Shaded","section":"Shading Mode"},"sceneLighting":false,"audioPlay":false,"sceneViewState":{"showFog":true,"showMaterialUpdate":false,"showSkybox":true,"showFlares":true,"showImageEffects":true,"showParticleSystems":true},"in2DMode":false,"pivot":{"x":24.76915168762207,"y":7.64656925201416,"z":25.664751052856447},"rotation":{"x":0.15806327760219575,"y":0.2965157628059387,"z":-0.04983172565698624,"w":0.9405419230461121},"size":18.364646911621095,"orthographic":false}