{"cameraMode":{"drawMode":0,"name":"Shaded","section":"Shading Mode"},"sceneLighting":false,"audioPlay":false,"sceneViewState":{"showFog":true,"showMaterialUpdate":false,"showSkybox":false,"showFlares":true,"showImageEffects":true,"showParticleSystems":true},"in2DMode":false,"pivot":{"x":-2.6294479370117189,"y":10.619629859924317,"z":0.0},"rotation":{"x":0.1815909743309021,"y":0.4416695237159729,"z":-0.09178459644317627,"w":0.8738093376159668},"size":2.5611438751220705,"orthographic":true}