{"cameraMode":{"drawMode":0,"name":"Shaded","section":"Shading Mode"},"sceneLighting":false,"audioPlay":false,"sceneViewState":{"showFog":true,"showMaterialUpdate":false,"showSkybox":true,"showFlares":true,"showImageEffects":true,"showParticleSystems":true},"in2DMode":false,"pivot":{"x":-1.009521484375,"y":10.7626953125,"z":0.09619140625},"rotation":{"x":0.19242431223392487,"y":0.11539892107248306,"z":-0.022795025259256364,"w":0.9742557406425476},"size":3.806103467941284,"orthographic":true}