{"cameraMode":{"drawMode":0,"name":"Shaded","section":"Shading Mode"},"sceneLighting":false,"audioPlay":false,"sceneViewState":{"showFog":true,"showMaterialUpdate":false,"showSkybox":true,"showFlares":true,"showImageEffects":true,"showParticleSystems":true},"in2DMode":false,"pivot":{"x":14.4130859375,"y":14.728515625,"z":17.3662109375},"rotation":{"x":0.3619229793548584,"y":0.34242475032806399,"z":-0.14497673511505128,"w":0.8548392057418823},"size":11.727210998535157,"orthographic":true}