{"cameraMode":{"drawMode":0,"name":"Shaded","section":"Shading Mode"},"sceneLighting":false,"audioPlay":false,"sceneViewState":{"showFog":true,"showMaterialUpdate":false,"showSkybox":true,"showFlares":true,"showImageEffects":true,"showParticleSystems":true},"in2DMode":false,"pivot":{"x":22.74789047241211,"y":13.470832824707032,"z":14.797999382019043},"rotation":{"x":0.06598730385303498,"y":0.2065231055021286,"z":-0.013967827893793583,"w":0.9761255383491516},"size":3.9000275135040285,"orthographic":false}