{"cameraMode":{"drawMode":0,"name":"Shaded","section":"Shading Mode"},"sceneLighting":false,"audioPlay":false,"sceneViewState":{"showFog":true,"showMaterialUpdate":false,"showSkybox":true,"showFlares":true,"showImageEffects":true,"showParticleSystems":true},"in2DMode":false,"pivot":{"x":0.335693359375,"y":10.26806640625,"z":-0.114013671875},"rotation":{"x":0.2160358428955078,"y":-0.2864781618118286,"z":0.06647291779518128,"w":0.9310495853424072},"size":2.3655459880828859,"orthographic":true}