{"cameraMode":{"drawMode":0,"name":"Shaded","section":"Shading Mode"},"sceneLighting":false,"audioPlay":false,"sceneViewState":{"showFog":true,"showMaterialUpdate":false,"showSkybox":true,"showFlares":true,"showImageEffects":true,"showParticleSystems":true},"in2DMode":false,"pivot":{"x":15.412261009216309,"y":7.490303039550781,"z":15.380203247070313},"rotation":{"x":0.08974400907754898,"y":0.738462507724762,"z":-0.10030265152454376,"w":0.6607275605201721},"size":7.841157913208008,"orthographic":false}